{
    "Prices":
    {
        "":0,
        "Default":0,
        "s" : 100,
        "b" : 100,
        "g" : 100,
        "bg": 200,
        "c" : 100,
        "sg": 200,
        "bs": 200,
        "cg": 200,
        "cs": 200,
        "bc": 200,
        "eb": 200,
        "l" : 400,
        "m" : 100,
        "x" : 800,
    
        "en": 100,
        "eng":200,
        "ens":200,
        "enb":200,
        "enc":200
    },
    
    "TicketsBonuses":
    {
        "":0,
        "Default":0,
        "s" : 0,
        "b" : 0,
        "g" : 15,
        "bg": 15,
        "c" : 0,
        "sg": 15,
        "bs": 0,
        "cg": 15,
        "cs": 0,
        "bc": 0,
        "eb": 0,
        "l" : 0,
        "m" : 0,
        "x" : 0,
    
        "en": 0,
        "eng":15,
        "ens":0,
        "enb":0,
        "enc":0
    }
}